Country,Year,MeanTemp
China,1820,5.0136
China,1821,6.284166666666667
China,1822,6.3414166666666665
China,1823,7.024363636363637
China,1833,6.0393333333333334
China,1834,6.268166666666667
China,1835,5.43425
China,1836,5.364727272727273
China,1837,8.136833333333334
China,1838,5.715
China,1839,5.519083333333334
China,1840,6.018583333333334
China,1841,5.512416666666667
China,1842,6.2785
China,1843,6.413916666666667
China,1844,6.0515
China,1845,6.023000000000001
China,1846,6.5875
China,1847,6.257083333333333
China,1848,5.93975
China,1849,6.1048333333333336
China,1850,5.907166666666667
China,1851,5.7828333333333335
China,1852,5.8575
China,1853,5.997583333333333
China,1854,6.473083333333333
China,1855,6.515583333333334
China,1856,6.095583333333334
China,1857,5.959666666666667
China,1858,6.414083333333333
China,1859,6.535166666666667
China,1860,5.609333333333333
China,1861,5.865166666666667
China,1862,5.448083333333333
China,1863,6.444583333333333
China,1864,5.8015
China,1865,6.244
China,1866,6.410416666666667
China,1867,6.759166666666666
China,1868,6.4155
China,1869,6.465833333333333
China,1870,6.159
China,1871,6.371583333333334
China,1872,6.286333333333333
China,1873,6.588166666666667
China,1874,6.6451666666666664
China,1875,6.505
China,1876,6.347416666666667
China,1877,6.181583333333333
China,1878,6.414416666666667
China,1879,6.667416666666667
China,1880,6.3835
China,1881,6.352833333333334
China,1882,6.39825
China,1883,6.026916666666667
China,1884,5.804833333333334
China,1885,5.9645
China,1886,6.11475
China,1887,6.197166666666667
China,1888,6.336416666666667
China,1889,6.31175
China,1890,6.464333333333334
China,1891,6.359333333333334
China,1892,6.060833333333333
China,1893,6.108333333333333
China,1894,6.57825
China,1895,6.035833333333334
China,1896,6.38625
China,1897,6.228083333333333
China,1898,6.562666666666667
China,1899,6.603416666666666
China,1900,6.444166666666667
China,1901,6.5375000000000005
China,1902,6.744666666666666
China,1903,6.1745833333333335
China,1904,6.350833333333334
China,1905,5.7555
China,1906,6.221833333333334
China,1907,6.308666666666666
China,1908,6.286583333333334
China,1909,6.38125
China,1910,6.0714999999999995
China,1911,6.297
China,1912,6.076083333333333
China,1913,6.138416666666667
China,1914,6.81875
China,1915,6.49275
China,1916,6.349833333333333
China,1917,6.161416666666667
China,1918,6.196833333333333
China,1919,6.607
China,1920,6.590333333333334
China,1921,6.50075
China,1922,6.677333333333333
China,1923,6.563666666666666
China,1924,6.70425
China,1925,6.555666666666666
China,1926,6.754083333333334
China,1927,6.66775
China,1928,6.774666666666667
China,1929,6.424083333333334
China,1930,6.4686666666666675
China,1931,6.3775
China,1932,6.905583333333333
China,1933,6.6299166666666665
China,1934,6.362833333333333
China,1935,6.636166666666666
China,1936,6.111583333333334
China,1937,6.5110833333333336
China,1938,6.8717500000000005
China,1939,7.0265
China,1940,6.961666666666666
China,1941,7.3455
China,1942,7.096
China,1943,7.050916666666667
China,1944,6.5305
China,1945,6.8388333333333335
China,1946,7.3540833333333335
China,1947,6.773833333333333
China,1948,7.100333333333333
China,1949,6.9755
China,1950,6.641166666666667
China,1951,6.8695
China,1952,6.640916666666667
China,1953,7.022333333333333
China,1954,6.371
China,1955,6.701666666666667
China,1956,6.299333333333333
China,1957,6.388
China,1958,7.0335833333333335
China,1959,7.039666666666667
China,1960,6.8909166666666675
China,1961,7.050583333333334
China,1962,6.703666666666667
China,1963,7.052499999999999
China,1964,6.746083333333333
China,1965,6.799916666666667
China,1966,6.962
China,1967,6.402583333333333
China,1968,6.727
China,1969,6.4559999999999995
China,1970,6.5681666666666665
China,1971,6.8462499999999995
China,1972,6.814416666666667
China,1973,7.209583333333334
China,1974,6.659416666666667
China,1975,7.1009166666666665
China,1976,6.471166666666667
China,1977,6.851333333333334
China,1978,7.048166666666667
China,1979,7.074083333333333
China,1980,6.950083333333334
China,1981,6.926416666666667
China,1982,7.14975
China,1983,6.925083333333334
China,1984,6.517916666666666
China,1985,6.7402500000000005
China,1986,6.870166666666667
China,1987,7.249
China,1988,7.220833333333333
China,1989,7.23975
China,1990,7.636
China,1991,7.097166666666667
China,1992,6.858416666666666
China,1993,6.919416666666667
China,1994,7.4959999999999996
China,1995,7.2115833333333335
China,1996,6.962666666666666
China,1997,7.367333333333333
China,1998,8.051833333333333
China,1999,7.84025
China,2000,7.238083333333333
China,2001,7.596416666666666
China,2002,7.7956666666666665
China,2003,7.522
China,2004,7.71275
China,2005,7.4135
China,2006,7.948
China,2007,8.12675
China,2008,7.566083333333334
China,2009,7.8095
China,2010,7.548416666666667
China,2011,7.357083333333334
China,2012,7.077083333333333
China,2013,9.295
India,1796,23.675250000000002
India,1797,24.8399
India,1798,23.273300000000003
India,1799,23.949416666666668
India,1800,23.911916666666666
India,1801,23.1751
India,1802,24.384333333333334
India,1803,24.145750000000003
India,1804,24.492416666666667
India,1805,24.0255
India,1806,23.926166666666667
India,1807,23.4996
India,1813,23.27125
India,1814,22.657363636363637
India,1815,22.807750000000002
India,1816,22.424
India,1817,22.5955
India,1818,22.953000000000003
India,1819,22.653583333333334
India,1820,22.84075
India,1821,23.527583333333336
India,1822,23.597416666666668
India,1823,23.471083333333333
India,1824,24.04975
India,1825,23.796083333333335
India,1826,23.859
India,1827,23.956416666666666
India,1828,23.623666666666665
India,1829,23.4435
India,1830,23.672333333333334
India,1831,23.241666666666667
India,1832,23.4586
India,1833,23.54825
India,1834,23.529500000000002
India,1835,22.658083333333334
India,1836,23.259166666666665
India,1837,23.182916666666667
India,1838,23.19291666666667
India,1839,23.24475
India,1840,23.445166666666665
India,1841,23.26075
India,1842,23.414250000000003
India,1843,23.312333333333335
India,1844,23.094083333333334
India,1845,23.34316666666667
India,1846,23.802500000000002
India,1847,23.318333333333335
India,1848,23.22758333333333
India,1849,23.22425
India,1850,23.504583333333333
India,1851,23.485166666666668
India,1852,23.378333333333334
India,1853,23.665416666666665
India,1854,23.759083333333333
India,1855,23.75875
India,1856,23.292
India,1857,22.9645
India,1858,23.600083333333334
India,1859,23.671083333333335
India,1860,23.396833333333333
India,1861,23.299333333333333
India,1862,18.659666666666666
India,1865,23.7895
India,1866,23.823
India,1867,23.89816666666667
India,1868,23.684083333333334
India,1869,23.733333333333334
India,1870,23.535166666666665
India,1871,23.615166666666667
India,1872,23.626833333333334
India,1873,23.701833333333333
India,1874,23.642583333333334
India,1875,23.7555
India,1876,23.725916666666667
India,1877,23.88275
India,1878,24.131083333333333
India,1879,23.601083333333335
India,1880,23.86075
India,1881,23.677833333333332
India,1882,23.5885
India,1883,23.340833333333332
India,1884,23.240666666666666
India,1885,23.389916666666668
India,1886,23.644833333333334
India,1887,23.422166666666666
India,1888,23.702666666666666
India,1889,23.988166666666668
India,1890,23.698416666666667
India,1891,23.647583333333333
India,1892,23.989833333333333
India,1893,22.889833333333335
India,1894,23.691666666666666
India,1895,23.800083333333333
India,1896,24.404416666666666
India,1897,24.2195
India,1898,24.063833333333335
India,1899,24.17175
India,1900,24.367833333333333
India,1901,24.08425
India,1902,24.318666666666665
India,1903,23.767416666666666
India,1904,23.7585
India,1905,23.515
India,1906,23.888083333333334
India,1907,23.677083333333336
India,1908,23.74191666666667
India,1909,23.661
India,1910,23.544166666666666
India,1911,23.869333333333334
India,1912,24.007083333333334
India,1913,23.700833333333332
India,1914,23.8255
India,1915,24.290083333333335
India,1916,23.825499999999998
India,1917,23.081083333333336
India,1918,23.77175
India,1919,23.825166666666668
India,1920,23.955416666666668
India,1921,24.249250000000004
India,1922,23.904416666666666
India,1923,23.90925
India,1924,24.046
India,1925,23.662583333333334
India,1926,23.84733333333333
India,1927,23.77375
India,1928,24.139
India,1929,23.971416666666666
India,1930,23.837
India,1931,24.249333333333333
India,1932,24.078583333333334
India,1933,23.560333333333332
India,1934,23.767416666666666
India,1935,23.761833333333335
India,1936,23.834833333333332
India,1937,23.707916666666666
India,1938,23.891916666666667
India,1939,23.99325
India,1940,23.902250000000002
India,1941,24.67425
India,1942,24.2105
India,1943,23.905166666666666
India,1944,23.847916666666666
India,1945,23.671583333333334
India,1946,24.134416666666667
India,1947,24.2795
India,1948,24.19
India,1949,24.047250000000002
India,1950,23.659333333333333
India,1951,24.220666666666666
India,1952,24.3655
India,1953,24.561583333333335
India,1954,24.167166666666667
India,1955,23.952166666666667
India,1956,23.89966666666667
India,1957,24.026416666666666
India,1958,24.676333333333332
India,1959,24.266833333333334
India,1960,24.287166666666668
India,1961,23.81525
India,1962,23.88475
India,1963,24.095750000000002
India,1964,24.0705
India,1965,24.090916666666665
India,1966,24.438583333333334
India,1967,23.992083333333333
India,1968,23.86475
India,1969,24.501166666666666
India,1970,24.074083333333334
India,1971,23.634
India,1972,24.272166666666667
India,1973,24.386583333333334
India,1974,24.17575
India,1975,23.862166666666667
India,1976,24.199583333333333
India,1977,24.28891666666667
India,1978,24.007333333333335
India,1979,24.553583333333332
India,1980,24.593083333333333
India,1981,24.228416666666668
India,1982,24.21825
India,1983,23.938000000000002
India,1984,24.185083333333335
India,1985,24.486333333333334
India,1986,24.294500000000003
India,1987,24.789083333333334
India,1988,24.72775
India,1989,24.162333333333333
India,1990,24.17816666666667
India,1991,24.31175
India,1992,24.222916666666666
India,1993,24.40866666666667
India,1994,24.296416666666666
India,1995,24.42975
India,1996,24.43691666666667
India,1997,24.047333333333334
India,1998,24.75541666666667
India,1999,24.659833333333335
India,2000,24.498
India,2001,24.581916666666668
India,2002,24.913
India,2003,24.649916666666666
India,2004,24.634583333333335
India,2005,24.495416666666667
India,2006,24.732083333333335
India,2007,24.649916666666666
India,2008,24.406
India,2009,25.146666666666665
India,2010,25.050833333333333
India,2011,24.415583333333334
India,2012,24.640833333333333
India,2013,25.413249999999998
Pakistan,1816,21.07
Pakistan,1817,19.203166666666668
Pakistan,1818,19.97675
Pakistan,1819,19.335250000000002
Pakistan,1820,20.682545454545455
Pakistan,1821,20.161333333333335
Pakistan,1822,20.255166666666668
Pakistan,1823,20.80709090909091
Pakistan,1833,20.19183333333333
Pakistan,1834,20.22025
Pakistan,1835,19.364833333333333
Pakistan,1836,19.280545454545454
Pakistan,1837,20.953333333333333
Pakistan,1838,24.070857142857143
Pakistan,1840,19.978181818181817
Pakistan,1841,20.4948
Pakistan,1842,21.51188888888889
Pakistan,1843,20.205083333333334
Pakistan,1844,19.731333333333332
Pakistan,1845,19.934416666666667
Pakistan,1846,21.007
Pakistan,1848,19.782166666666665
Pakistan,1849,19.952583333333337
Pakistan,1850,19.985916666666668
Pakistan,1851,20.13175
Pakistan,1852,20.09725
Pakistan,1853,20.103833333333334
Pakistan,1854,20.2725
Pakistan,1855,20.764636363636363
Pakistan,1856,19.394727272727273
Pakistan,1857,19.673083333333334
Pakistan,1870,20.326
Pakistan,1871,20.27175
Pakistan,1872,20.322666666666667
Pakistan,1873,20.47775
Pakistan,1874,19.852363636363638
Pakistan,1875,20.688583333333334
Pakistan,1876,20.168416666666666
Pakistan,1877,20.29025
Pakistan,1878,20.356166666666667
Pakistan,1879,20.2235
Pakistan,1880,20.8295
Pakistan,1881,20.733166666666666
Pakistan,1882,20.161833333333334
Pakistan,1883,20.082666666666665
Pakistan,1884,20.084833333333332
Pakistan,1885,19.79041666666667
Pakistan,1886,20.2375
Pakistan,1887,20.33
Pakistan,1888,20.445083333333333
Pakistan,1889,20.491416666666666
Pakistan,1890,20.279416666666666
Pakistan,1891,20.033916666666666
Pakistan,1892,20.83575
Pakistan,1893,19.744416666666666
Pakistan,1894,20.0285
Pakistan,1895,20.544
Pakistan,1896,20.90725
Pakistan,1897,20.321166666666667
Pakistan,1898,20.624333333333333
Pakistan,1899,20.956833333333332
Pakistan,1900,20.754583333333333
Pakistan,1901,20.514083333333332
Pakistan,1902,21.17366666666667
Pakistan,1903,19.927083333333336
Pakistan,1904,20.620916666666666
Pakistan,1905,19.971333333333334
Pakistan,1906,20.423583333333333
Pakistan,1907,20.207333333333334
Pakistan,1908,20.297333333333334
Pakistan,1909,20.195333333333334
Pakistan,1910,19.938083333333335
Pakistan,1911,20.244333333333334
Pakistan,1912,20.641416666666668
Pakistan,1913,20.292083333333334
Pakistan,1914,20.53591666666667
Pakistan,1915,21.1465
Pakistan,1916,20.316083333333335
Pakistan,1917,20.0375
Pakistan,1918,20.206583333333334
Pakistan,1919,20.335166666666666
Pakistan,1920,20.172083333333333
Pakistan,1921,20.997416666666666
Pakistan,1922,20.682333333333332
Pakistan,1923,20.078916666666668
Pakistan,1924,20.381583333333335
Pakistan,1925,20.34075
Pakistan,1926,20.279083333333332
Pakistan,1927,20.19216666666667
Pakistan,1928,20.572416666666665
Pakistan,1929,20.423583333333333
Pakistan,1930,20.174916666666668
Pakistan,1931,20.506
Pakistan,1932,20.615333333333332
Pakistan,1933,20.340916666666665
Pakistan,1934,20.37125
Pakistan,1935,20.006083333333333
Pakistan,1936,20.554666666666666
Pakistan,1937,20.28725
Pakistan,1938,20.617916666666666
Pakistan,1939,20.55625
Pakistan,1940,20.902583333333332
Pakistan,1941,21.710833333333333
Pakistan,1942,20.900333333333332
Pakistan,1943,20.627916666666668
Pakistan,1944,20.376083333333334
Pakistan,1945,20.321916666666667
Pakistan,1946,21.22925
Pakistan,1947,21.3825
Pakistan,1948,20.8095
Pakistan,1949,20.536
Pakistan,1950,19.694416666666665
Pakistan,1951,20.748583333333332
Pakistan,1952,20.915166666666668
Pakistan,1953,21.391083333333334
Pakistan,1954,20.723916666666668
Pakistan,1955,20.681083333333333
Pakistan,1956,20.576333333333334
Pakistan,1957,19.904416666666666
Pakistan,1958,21.3135
Pakistan,1959,20.919166666666666
Pakistan,1960,20.731333333333332
Pakistan,1961,20.376833333333334
Pakistan,1962,20.439166666666665
Pakistan,1963,21.251083333333334
Pakistan,1964,20.141833333333334
Pakistan,1965,20.495166666666666
Pakistan,1966,20.564583333333335
Pakistan,1967,20.348583333333334
Pakistan,1968,20.341833333333334
Pakistan,1969,21.034166666666668
Pakistan,1970,21.189333333333334
Pakistan,1971,20.96625
Pakistan,1972,20.100166666666667
Pakistan,1973,20.739583333333336
Pakistan,1974,20.435166666666667
Pakistan,1975,20.114583333333336
Pakistan,1976,20.374916666666667
Pakistan,1977,21.189333333333334
Pakistan,1978,20.74325
Pakistan,1979,20.763083333333334
Pakistan,1980,21.41125
Pakistan,1981,21.205333333333332
Pakistan,1982,20.509416666666667
Pakistan,1983,20.572833333333335
Pakistan,1984,20.875083333333333
Pakistan,1985,21.28275
Pakistan,1986,20.640583333333336
Pakistan,1987,21.436833333333333
Pakistan,1988,21.81225
Pakistan,1989,20.650000000000002
Pakistan,1990,21.376416666666668
Pakistan,1991,20.901333333333334
Pakistan,1992,20.7085
Pakistan,1993,21.444833333333335
Pakistan,1994,21.163083333333333
Pakistan,1995,21.073916666666666
Pakistan,1996,20.933833333333332
Pakistan,1997,20.73875
Pakistan,1998,21.66275
Pakistan,1999,21.863
Pakistan,2000,21.8225
Pakistan,2001,21.930416666666666
Pakistan,2002,22.0255
Pakistan,2003,21.432083333333335
Pakistan,2004,22.143083333333333
Pakistan,2005,21.27241666666667
Pakistan,2006,21.636916666666668
Pakistan,2007,21.690916666666666
Pakistan,2008,21.53516666666667
Pakistan,2009,21.911416666666668
Pakistan,2010,22.08791666666667
Pakistan,2011,21.768250000000002
Pakistan,2012,21.198
Pakistan,2013,22.320875
United Kingdom,1743,7.086
United Kingdom,1744,9.08825
United Kingdom,1745,4.0504999999999995
United Kingdom,1750,9.144181818181819
United Kingdom,1751,8.831875
United Kingdom,1752,6.255166666666667
United Kingdom,1753,8.426083333333333
United Kingdom,1754,8.338833333333334
United Kingdom,1755,8.054833333333335
United Kingdom,1756,8.536083333333334
United Kingdom,1757,8.501583333333333
United Kingdom,1758,7.698166666666666
United Kingdom,1759,8.682083333333333
United Kingdom,1760,8.033166666666666
United Kingdom,1761,8.763833333333334
United Kingdom,1762,8.0915
United Kingdom,1763,7.779666666666667
United Kingdom,1764,8.13225
United Kingdom,1765,7.91625
United Kingdom,1766,8.144083333333333
United Kingdom,1767,8.103
United Kingdom,1768,8.035333333333334
United Kingdom,1769,8.124166666666667
United Kingdom,1770,7.95
United Kingdom,1771,7.885083333333333
United Kingdom,1772,8.156166666666667
United Kingdom,1773,8.248083333333334
United Kingdom,1774,8.053583333333334
United Kingdom,1775,8.989
United Kingdom,1776,8.159083333333333
United Kingdom,1777,8.2595
United Kingdom,1778,8.729583333333332
United Kingdom,1779,9.651333333333334
United Kingdom,1780,8.763833333333334
United Kingdom,1781,9.337916666666667
United Kingdom,1782,7.32875
United Kingdom,1783,8.619166666666667
United Kingdom,1784,7.400916666666666
United Kingdom,1785,7.775333333333333
United Kingdom,1786,7.592416666666667
United Kingdom,1787,8.610666666666667
United Kingdom,1788,8.543833333333334
United Kingdom,1789,8.460666666666667
United Kingdom,1790,8.750166666666667
United Kingdom,1791,8.678916666666666
United Kingdom,1792,8.617750000000001
United Kingdom,1793,8.585666666666667
United Kingdom,1794,9.02425
United Kingdom,1795,8.226916666666666
United Kingdom,1796,8.52575
United Kingdom,1797,8.588750000000001
United Kingdom,1798,8.930833333333334
United Kingdom,1799,7.215083333333334
United Kingdom,1800,8.257249999999999
United Kingdom,1801,8.673666666666668
United Kingdom,1802,8.386083333333334
United Kingdom,1803,8.08225
United Kingdom,1804,8.456583333333334
United Kingdom,1805,7.987583333333333
United Kingdom,1806,8.63725
United Kingdom,1807,7.893083333333333
United Kingdom,1808,7.964083333333333
United Kingdom,1809,7.868666666666667
United Kingdom,1810,7.77375
United Kingdom,1811,8.688416666666667
United Kingdom,1812,7.4835
United Kingdom,1813,8.172416666666667
United Kingdom,1814,7.195
United Kingdom,1815,7.962583333333333
United Kingdom,1816,7.04025
United Kingdom,1817,7.881166666666667
United Kingdom,1818,8.744166666666667
United Kingdom,1819,8.356333333333334
United Kingdom,1820,7.830416666666667
United Kingdom,1821,8.693916666666667
United Kingdom,1822,9.129666666666667
United Kingdom,1823,7.795083333333333
United Kingdom,1824,8.59825
United Kingdom,1825,8.947666666666667
United Kingdom,1826,9.1255
United Kingdom,1827,8.49025
United Kingdom,1828,9.11125
United Kingdom,1829,7.378916666666667
United Kingdom,1830,7.996083333333333
United Kingdom,1831,8.8966666666666665
United Kingdom,1832,8.445
United Kingdom,1833,8.36875
United Kingdom,1834,9.374
United Kingdom,1835,8.380416666666667
United Kingdom,1836,7.8580000000000005
United Kingdom,1837,7.864333333333334
United Kingdom,1838,7.173333333333334
United Kingdom,1839,7.863666666666667
United Kingdom,1840,7.867083333333333
United Kingdom,1841,8.022333333333334
United Kingdom,1842,8.571916666666667
United Kingdom,1843,8.382666666666667
United Kingdom,1844,7.9719999999999995
United Kingdom,1845,7.72575
United Kingdom,1846,9.431916666666666
United Kingdom,1847,8.387
United Kingdom,1848,8.373833333333334
United Kingdom,1849,8.341416666666667
United Kingdom,1850,8.224916666666667
United Kingdom,1851,8.333666666666666
United Kingdom,1852,8.975
United Kingdom,1853,7.80025
United Kingdom,1854,8.5115
United Kingdom,1855,7.412416666666666
United Kingdom,1856,8.189916666666667
United Kingdom,1857,9.205666666666668
United Kingdom,1858,8.368500000000001
United Kingdom,1859,8.660583333333333
United Kingdom,1860,7.277583333333333
United Kingdom,1861,8.47875
United Kingdom,1862,8.3015
United Kingdom,1863,8.709333333333333
United Kingdom,1864,7.936833333333333
United Kingdom,1865,8.742833333333333
United Kingdom,1866,8.51475
United Kingdom,1867,8.157333333333334
United Kingdom,1868,9.236166666666668
United Kingdom,1869,8.518416666666667
United Kingdom,1870,8.153
United Kingdom,1871,8.230833333333333
United Kingdom,1872,8.767916666666666
United Kingdom,1873,8.2995
United Kingdom,1874,8.485666666666667
United Kingdom,1875,8.512083333333333
United Kingdom,1876,8.550083333333333
United Kingdom,1877,8.24775
United Kingdom,1878,8.512416666666667
United Kingdom,1879,6.9390833333333335
United Kingdom,1880,8.387
United Kingdom,1881,7.692916666666666
United Kingdom,1882,8.496666666666666
United Kingdom,1883,8.188166666666667
United Kingdom,1884,8.736916666666666
United Kingdom,1885,7.6985833333333336
United Kingdom,1886,7.766666666666667
United Kingdom,1887,7.736583333333333
United Kingdom,1888,7.547583333333334
United Kingdom,1889,8.241416666666666
United Kingdom,1890,8.224916666666667
United Kingdom,1891,7.902833333333334
United Kingdom,1892,7.437666666666667
United Kingdom,1893,8.990083333333333
United Kingdom,1894,8.459583333333333
United Kingdom,1895,7.908833333333333
United Kingdom,1896,8.5765
United Kingdom,1897,8.502833333333333
United Kingdom,1898,9.031416666666667
United Kingdom,1899,8.786583333333335
United Kingdom,1900,8.550416666666667
United Kingdom,1901,8.379166666666666
United Kingdom,1902,8.0015
United Kingdom,1903,8.329333333333334
United Kingdom,1904,8.263833333333334
United Kingdom,1905,8.390416666666667
United Kingdom,1906,8.510833333333334
United Kingdom,1907,8.093250000000001
United Kingdom,1908,8.576416666666667
United Kingdom,1909,7.89525
United Kingdom,1910,8.39875
United Kingdom,1911,9.068916666666667
United Kingdom,1912,8.44125
United Kingdom,1913,8.82525
United Kingdom,1914,8.97575
United Kingdom,1915,8.1005
United Kingdom,1916,8.391833333333333
United Kingdom,1917,7.90825
United Kingdom,1918,8.631333333333334
United Kingdom,1919,7.762166666666667
United Kingdom,1920,8.7395
United Kingdom,1921,9.44375
United Kingdom,1922,7.975416666666667
United Kingdom,1923,8.193166666666666
United Kingdom,1924,8.43975
United Kingdom,1925,8.337583333333333
United Kingdom,1926,8.839916666666667
United Kingdom,1927,8.303333333333333
United Kingdom,1928,8.596416666666666
United Kingdom,1929,8.284166666666668
United Kingdom,1930,8.5615
United Kingdom,1931,8.288499999999999
United Kingdom,1932,8.6895
United Kingdom,1933,9.115583333333333
United Kingdom,1934,9.165
United Kingdom,1935,8.77925
United Kingdom,1936,8.60025
United Kingdom,1937,8.670583333333333
United Kingdom,1938,9.184583333333334
United Kingdom,1939,8.848333333333333
United Kingdom,1940,8.38625
United Kingdom,1941,8.276583333333333
United Kingdom,1942,8.3165
United Kingdom,1943,9.219083333333334
United Kingdom,1944,8.762416666666667
United Kingdom,1945,9.439
United Kingdom,1946,8.686166666666667
United Kingdom,1947,8.691749999999999
United Kingdom,1948,9.08
United Kingdom,1949,9.581916666666666
United Kingdom,1950,8.619166666666667
United Kingdom,1951,8.439
United Kingdom,1952,8.37125
United Kingdom,1953,9.206083333333334
United Kingdom,1954,8.456583333333333
United Kingdom,1955,8.569583333333334
United Kingdom,1956,8.266083333333334
United Kingdom,1957,9.177833333333334
United Kingdom,1958,8.606416666666666
United Kingdom,1959,9.511833333333334
United Kingdom,1960,8.91975
United Kingdom,1961,9.001666666666667
United Kingdom,1962,7.994
United Kingdom,1963,7.79075
United Kingdom,1964,8.679166666666667
United Kingdom,1965,8.1545
United Kingdom,1966,8.559916666666666
United Kingdom,1967,8.833166666666667
United Kingdom,1968,8.565916666666666
United Kingdom,1969,8.467916666666667
United Kingdom,1970,8.66975
United Kingdom,1971,9.0505
United Kingdom,1972,8.4925
United Kingdom,1973,8.7935
United Kingdom,1974,8.760166666666667
United Kingdom,1975,9.077916666666667
United Kingdom,1976,9.090333333333334
United Kingdom,1977,8.6495
United Kingdom,1978,8.548416666666666
United Kingdom,1979,8.05275
United Kingdom,1980,8.643166666666668
United Kingdom,1981,8.487083333333333
United Kingdom,1982,9.014583333333333
United Kingdom,1983,9.091666666666667
United Kingdom,1984,8.90725
United Kingdom,1985,8.17325
United Kingdom,1986,8.00275
United Kingdom,1987,8.33025
United Kingdom,1988,8.973083333333333
United Kingdom,1989,9.5875
United Kingdom,1990,9.674583333333333
United Kingdom,1991,8.828333333333333
United Kingdom,1992,9.025
United Kingdom,1993,8.66975
United Kingdom,1994,9.15075
United Kingdom,1995,9.419583333333334
United Kingdom,1996,8.551166666666667
United Kingdom,1997,9.64425
United Kingdom,1998,9.46275
United Kingdom,1999,9.663333333333334
United Kingdom,2000,9.379666666666667
United Kingdom,2001,9.140083333333333
United Kingdom,2002,9.679666666666668
United Kingdom,2003,9.742083333333333
United Kingdom,2004,9.737333333333334
United Kingdom,2005,9.65525
United Kingdom,2006,9.943416666666666
United Kingdom,2007,9.7975
United Kingdom,2008,9.34825
United Kingdom,2009,9.453333333333333
United Kingdom,2010,8.394333333333334
United Kingdom,2011,9.907916666666667
United Kingdom,2012,9.037416666666667
United Kingdom,2013,8.9975
United States,1768,5.57275
United States,1769,10.4465
United States,1774,1.603
United States,1775,9.499166666666667
United States,1776,8.11
United States,1777,8.30475
United States,1778,5.362
United States,1779,-0.7136666666666663
United States,1781,6.25325
United States,1782,7.606428571428571
United States,1796,12.231
United States,1797,6.356833333333333
United States,1811,8.0434
United States,1812,7.012666666666666
United States,1813,9.918888888888889
United States,1814,3.7843333333333335
United States,1815,7.501333333333334
United States,1816,4.396625
United States,1817,7.229916666666667
United States,1818,6.274699999999999
United States,1819,-2.774666666666667
United States,1820,7.563833333333333
United States,1821,8.004083333333334
United States,1822,8.386833333333334
United States,1823,7.9110000000000005
United States,1824,8.50225
United States,1825,8.9665
United States,1826,8.579
United States,1827,9.102
United States,1828,8.8485
United States,1829,8.38925
United States,1830,9.215083333333334
United States,1831,7.72075
United States,1832,8.247416666666666
United States,1833,8.811916666666667
United States,1834,8.829583333333334
United States,1835,7.53925
United States,1836,7.563916666666667
United States,1837,7.984416666666666
United States,1838,7.548666666666667
United States,1839,8.522166666666667
United States,1840,8.2515
United States,1841,8.14925
United States,1842,8.358333333333334
United States,1843,7.783666666666667
United States,1844,8.082833333333333
United States,1845,8.408916666666666
United States,1846,9.136333333333333
United States,1847,7.907083333333333
United States,1848,8.016833333333333
United States,1849,8.129166666666666
United States,1850,8.248333333333333
United States,1851,8.6575
United States,1852,8.183083333333334
United States,1853,8.459916666666667
United States,1854,8.82125
United States,1855,8.459416666666666
United States,1856,7.94325
United States,1857,8.140333333333333
United States,1858,8.412833333333333
United States,1859,8.016833333333333
United States,1860,8.580916666666667
United States,1861,8.6505
United States,1862,8.214
United States,1863,8.44625
United States,1864,8.381083333333333
United States,1865,8.495666666666667
United States,1866,8.334333333333333
United States,1867,8.509
United States,1868,8.207416666666667
United States,1869,8.31125
United States,1870,8.8295
United States,1871,8.70675
United States,1872,8.00075
United States,1873,8.063083333333333
United States,1874,8.768
United States,1875,7.849666666666667
United States,1876,8.099
United States,1877,8.696583333333333
United States,1878,9.017166666666666
United States,1879,8.683250000000001
United States,1880,8.110333333333333
United States,1881,8.6435
United States,1882,8.369916666666667
United States,1883,7.94225
United States,1884,7.958
United States,1885,8.158416666666668
United States,1886,8.181833333333334
United States,1887,8.143583333333334
United States,1888,8.172833333333333
United States,1889,8.798083333333333
United States,1890,8.559166666666666
United States,1891,8.31675
United States,1892,8.178
United States,1893,8.171
United States,1894,8.46675
United States,1895,7.847333333333333
United States,1896,8.483583333333334
United States,1897,8.473166666666666
United States,1898,8.4279166666666665
United States,1899,8.166833333333333
United States,1900,9.021583333333334
United States,1901,8.494916666666667
United States,1902,8.454
United States,1903,7.97725
United States,1904,8.200666666666667
United States,1905,8.402333333333333
United States,1906,8.560083333333333
United States,1907,8.394
United States,1908,8.755583333333334
United States,1909,8.221833333333334
United States,1910,8.757916666666667
United States,1911,8.737916666666667
United States,1912,8.140916666666667
United States,1913,8.552166666666666
United States,1914,8.8765
United States,1915,8.648249999999999
United States,1916,8.180083333333334
United States,1917,7.669499999999999
United States,1918,8.50125
United States,1919,8.538
United States,1920,8.1845
United States,1921,9.595666666666666
United States,1922,8.768166666666666
United States,1923,8.760333333333334
United States,1924,8.052333333333333
United States,1925,9.016416666666666
United States,1926,9.14025
United States,1927,8.719333333333333
United States,1928,8.876
United States,1929,8.439499999999999
United States,1930,8.737666666666668
United States,1931,9.56075
United States,1932,8.5395
United States,1933,9.030583333333334
United States,1934,9.826583333333334
United States,1935,8.7425
United States,1936,8.92225
United States,1937,8.73075
United States,1938,9.471833333333333
United States,1939,9.307500000000001
United States,1940,9.097166666666666
United States,1941,9.266083333333333
United States,1942,8.919333333333334
United States,1943,9.003499999999999
United States,1944,8.898166666666667
United States,1945,8.67125
United States,1946,9.179583333333333
United States,1947,8.836083333333335
United States,1948,8.481666666666667
United States,1949,8.888083333333334
United States,1950,8.656416666666667
United States,1951,8.416583333333334
United States,1952,8.979416666666667
United States,1953,9.530416666666666
United States,1954,9.410583333333333
United States,1955,8.517166666666666
United States,1956,8.699916666666667
United States,1957,9.126333333333333
United States,1958,8.970166666666668
United States,1959,8.825333333333333
United States,1960,8.69225
United States,1961,8.642
United States,1962,8.9565
United States,1963,9.08
United States,1964,8.491666666666667
United States,1965,8.647666666666666
United States,1966,8.483
United States,1967,8.902
United States,1968,8.55325
United States,1969,8.770833333333332
United States,1970,8.673
United States,1971,8.442499999999999
United States,1972,8.428083333333333
United States,1973,8.934666666666667
United States,1974,8.815916666666666
United States,1975,8.431000000000001
United States,1976,8.65125
United States,1977,9.269833333333333
United States,1978,8.751416666666666
United States,1979,8.571583333333333
United States,1980,9.1355
United States,1981,9.7215
United States,1982,8.5395
United States,1983,8.912333333333333
United States,1984,8.811166666666667
United States,1985,8.587
United States,1986,9.5595
United States,1987,9.628166666666667
United States,1988,9.275333333333334
United States,1989,8.873083333333334
United States,1990,9.521583333333334
United States,1991,9.493666666666666
United States,1992,9.056333333333333
United States,1993,8.86725
United States,1994,9.270333333333333
United States,1995,9.331
United States,1996,8.754333333333333
United States,1997,9.172916666666667
United States,1998,10.141166666666667
United States,1999,9.567
United States,2000,9.649750000000001
United States,2001,9.785583333333333
United States,2002,9.816166666666668
United States,2003,9.755083333333333
United States,2004,9.6675
United States,2005,9.892666666666667
United States,2006,9.9745
United States,2007,9.8375
United States,2008,8.951416666666667
United States,2009,9.137083333333333
United States,2010,9.505583333333334
United States,2011,9.549916666666666
United States,2012,10.261083333333334
United States,2013,11.297111111111112
